{"accuracy": [0.5025201439857483, 0.5010406970977783, 0.5074974894523621, 0.49713024497032166, 0.5028981566429138], "auc_1": [0.501473069190979, 0.5005707740783691, 0.5008068680763245, 0.4993497431278229, 0.4998107850551605], "loss": [0.7002176642417908, 0.6934720873832703, 0.6931108236312866, 0.6931785345077515, 0.6931442022323608], "val_accuracy": [0.5, 0.5, 0.5, 0.5, 0.5], "val_auc_1": [0.5, 0.5, 0.5, 0.5, 0.5], "val_loss": [0.6933234333992004, 0.6931471228599548, 0.6931471228599548, 0.693148136138916, 0.6931471228599548]}