{"accuracy": [0.907837450504303, 0.9129739999771118, 0.9151162505149841, 0.9167140126228333, 0.9175898432731628, 0.9190692901611328, 0.9197556972503662, 0.9205723404884338, 0.9211522936820984, 0.9219334125518799], "auc": [0.6741061210632324, 0.7524843215942383, 0.7784391641616821, 0.7902626991271973, 0.7983862161636353, 0.8066131472587585, 0.8128220438957214, 0.820435643196106, 0.8224064707756042, 0.8308800458908081], "loss": [0.29616639018058777, 0.26812171936035156, 0.2572309970855713, 0.2514966130256653, 0.24750182032585144, 0.2434586137533188, 0.24006125330924988, 0.23671245574951172, 0.23530253767967224, 0.23068548738956451], "val_accuracy": [0.9116644859313965, 0.9093447923660278, 0.9158776998519897, 0.9212743639945984, 0.9156409502029419, 0.9145994782447815, 0.9212270379066467, 0.9206589460372925, 0.9200435280799866, 0.9222211837768555], "val_auc": [0.782188892364502, 0.7941941618919373, 0.8200451135635376, 0.8207446336746216, 0.8322274088859558, 0.8302960395812988, 0.8373210430145264, 0.8411566019058228, 0.8446340560913086, 0.841300904750824], "val_loss": [0.26094546914100647, 0.2645632326602936, 0.2424660623073578, 0.23499006032943726, 0.2391989380121231, 0.24133053421974182, 0.2288745492696762, 0.2283412516117096, 0.22920748591423035, 0.2295839935541153]}